List,List_Date,Title,Author,Weeks_On_List,Rank_This_Week,Publisher,Primary_ISBN_10,Primary_ISBN_13,Description,Average_Rating,Rating Count,Whole_Rating
Combined Print and E-Book Fiction,2020-09-27,WHERE THE CRAWDADS SING,Delia Owens,105,6,Putnam,0735219095,9780735219090,"In a quiet town on the North Carolina coast in 1969, a young woman who survived alone in the marsh becomes a murder suspect.",4.47,947988,4
Combined Print and E-Book Fiction,2020-09-13,LITTLE FIRES EVERYWHERE,Celeste Ng,81,15,Penguin Press,0735224315,9780735224315,An artist upends a quiet town outside Cleveland.,4.1,699769,4
Combined Print and E-Book Fiction,2020-05-03,THE TATTOOIST OF AUSCHWITZ,Heather Morris,70,9,Harper,0062797166,9780062797162,A concentration camp detainee tasked with permanently marking fellow prisoners falls in love with one of them.,4.26,455028,4
Combined Print and E-Book Fiction,2020-02-02,BEFORE WE WERE YOURS,Lisa Wingate,53,13,Ballantine,0425284700,9780425284704,A South Carolina lawyer learns about the questionable practices of a Tennessee orphanage.,4.37,369710,4
Combined Print and E-Book Fiction,2020-09-06,THE SILENT PATIENT,Alex Michaelides,36,14,Celadon,1250301696,9781250301697,Theo Faber looks into the mystery of a famous painter who stops speaking after shooting her husband.,4.09,488662,4
Combined Print and E-Book Fiction,2020-09-27,AMERICAN DIRT,Jeanine Cummins,34,15,Flatiron,1250209765,9781250209764,A bookseller flees Mexico for the United States with her son while pursued by the head of a drug cartel.,4.3,163349,4
Combined Print and E-Book Fiction,2020-05-31,THE WOMAN IN THE WINDOW,AJ Finn,31,14,Morrow,0062905082,9780062905086,A recluse who drinks heavily and takes prescription drugs may have witnessed a crime across from her Harlem townhouse.,3.94,446079,4
Combined Print and E-Book Fiction,2020-05-10,THE DUTCH HOUSE,Ann Patchett,29,15,Harper,0062963694,9780062963697,A sibling relationship is impacted when the family goes from poverty to wealth and back again over the course of many decades.,4.12,197950,4
Combined Print and E-Book Fiction,2020-09-06,THE GUARDIANS,John Grisham,26,13,Doubleday,052562094X,9780525620945,"Cullen Post, a lawyer and Episcopal minister, antagonizes some ruthless killers when he takes on a wrongful conviction case.",4.16,62102,4
Combined Print and E-Book Fiction,2020-05-17,THE GIVER OF STARS,Jojo Moyes,25,15,Pamela Dorman/Viking,0399562486,9780399562488,"In Depression-era Kentucky, five women refuse to be cowed by men or convention as they deliver books.",4.28,171860,4
Combined Print and E-Book Fiction,2020-03-15,THE OUTSIDER,Stephen King,18,14,Scribner,None,9781982148249,A detective investigates a seemingly wholesome member of the community when an 11-year-old boy’s body is found.,3.98,185719,4
Combined Print and E-Book Fiction,2020-01-12,THE INSTITUTE,Stephen King,16,3,Scribner,1982110562,9781982110567,Children with special talents are abducted and sequestered in an institution where the sinister staff seeks to extract their gifts through harsh methods.,4.2,122593,4
Combined Print and E-Book Fiction,2020-09-27,THE VANISHING HALF,Brit Bennett,15,5,Riverhead,0525536299,9780525536291,The lives of twin sisters who run away from a Southern Black community at age 16 diverge as one returns and the other takes on a different racial identity but their fates intertwine.,4.33,107348,4
Combined Print and E-Book Fiction,2020-09-27,THE GUEST LIST,Lucy Foley,15,9,Morrow,0062868950,9780062868954,A wedding between a TV star and a magazine publisher on an island off the coast of Ireland turns deadly.,3.88,108198,4
Combined Print and E-Book Fiction,2020-08-16,CAMINO WINDS,John Grisham,14,14,Doubleday,0385545932,9780385545938,The line between fact and fiction becomes blurred when an author of thrillers is found dead after a hurricane hits Camino Island.,3.83,30387,4
Combined Print and E-Book Fiction,2020-01-12,THE TESTAMENTS,Margaret Atwood,14,9,Nan A. Talese/Doubleday,0385543786,9780385543781,"In a sequel to “The Handmaid’s Tale,” old secrets bring three women together as the Republic of Gilead’s theocratic regime shows signs of decay.",4.2,203573,4
Combined Print and E-Book Fiction,2020-05-31,BLUE MOON,Lee Child,13,11,Delacorte,039959356X,9780399593567,Jack Reacher gets caught up in a turf war between Ukrainian and Albanian gangs.,3.6,86794,4
Combined Print and E-Book Fiction,2020-09-20,28 SUMMERS,Elin Hilderbrand,12,15,"Little, Brown",None,9780316420051,A relationship that started in 1993 between Mallory Blessing and Jake McCloud comes to light while she is on her deathbed and his wife runs for president.,4.31,45481,4
Combined Print and E-Book Fiction,2020-09-20,THEN SHE WAS GONE,Lisa Jewell,10,14,Atria,1501154656,9781501154652,"Ten years after her daughter disappears, a woman tries to get her life in order but remains haunted by unanswered questions.",4.03,202425,4
Combined Print and E-Book Fiction,2020-09-27,SUCH A FUN AGE,Kiley Reid,10,14,Putnam,0525541926,9780525541929,Tumult ensues when Alix Chamberlain’s babysitter is mistakenly accused of kidnapping her charge.,3.85,160233,4
Combined Print and E-Book Fiction,2020-06-21,NORMAL PEOPLE,Sally Rooney,10,14,Hogarth,1984822187,9781984822185,The connection between a high school star athlete and a loner ebbs and flows when they go to Trinity College in Dublin.,3.86,391274,4
Combined Print and E-Book Fiction,2020-07-05,IF IT BLEEDS,Stephen King,9,13,Scribner,1982137975,9781982137977,"Four novellas: “Mr. Harrigan’s Phone,” “The Life of Chuck,” “Rat” and “If It Bleeds.”",4.11,30969,4
Combined Print and E-Book Fiction,2020-07-12,WALK THE WIRE,David Baldacci,9,6,Grand Central,1538761505,9781538761502,The sixth book in the Memory Man series. Decker and Jamison investigate a murder in a North Dakota town in a fracking boom.,4.18,24092,4
Combined Print and E-Book Fiction,2020-03-15,THE LAST WISH,Andrzej Sapkowski,9,7,Orbit,0316055085,9780316055086,"Linked stories follow the exploits of Geralt of Rivia, a monster-slaying mercenary.",4.13,186825,4
Combined Print and E-Book Fiction,2020-01-12,THE WATER DANCER,Ta-Nehisi Coates,9,14,One World,0399590595,9780399590597,A young man who was gifted with a mysterious power becomes part of a war between slavers and the enslaved.,4.08,61463,4
Combined Print and E-Book Fiction,2020-02-16,A MINUTE TO MIDNIGHT,David Baldacci,8,5,Grand Central,None,9781538761625,"When Atlee Pine returns to her hometown to investigate her sister’s kidnapping from 30 years ago, she winds up tracking a potential serial killer.",4.21,23021,4
Combined Print and E-Book Fiction,2020-01-05,"OLIVE, AGAIN",Elizabeth Strout,8,14,Random House,0812996542,9780812996548,"In a follow-up to the Pulitzer Prize-winning novel “Olive Kitteridge,” new relationships, including a second marriage, are encountered in a seaside town in Maine.",4.13,54977,4
Combined Print and E-Book Fiction,2020-03-01,CRISS CROSS,James Patterson,7,15,"Little, Brown",0316457140,9780316457149,The 27th book in the Alex Cross series. Copycat crimes make the detective question whether an innocent man was executed.,4.24,13190,4
Combined Print and E-Book Fiction,2020-07-19,THE NICKEL BOYS,Colson Whitehead,7,11,Doubleday,0345804341,9780345804341,Two boys respond to horrors at a Jim Crow-era reform school in ways that impact them decades later.,4.28,117310,4
Combined Print and E-Book Fiction,2020-01-12,THE NIGHT FIRE,Michael Connelly,7,5,"Little, Brown",None,9780316457484,Harry Bosch and Renée Ballard return to take up a case that held the attention of Bosch’s mentor.,4.29,33606,4
Combined Print and E-Book Fiction,2020-05-10,THE BOY FROM THE WOODS,Harlan Coben,6,13,Grand Central,1538748142,9781538748145,"When a girl goes missing, a private investigator’s feral childhood becomes an asset in the search.",4.01,33393,4
Combined Print and E-Book Fiction,2020-09-06,THE ORDER,Daniel Silva,6,11,Harper,0062834843,9780062834843,The 20th book in the Gabriel Allon series. The art restorer and spy cuts his family’s vacation short to investigate whether Pope Paul VII was murdered.,4.19,10281,4
Combined Print and E-Book Fiction,2020-08-02,THE SUMMER HOUSE,James Patterson and Brendan DuBois,6,15,"Little, Brown",0316539554,9780316539555,"Jeremiah Cook, a veteran and former N.Y.P.D. cop, investigates a mass murder near a lake in Georgia.",4.13,9931,4
Combined Print and E-Book Fiction,2020-01-05,THE OVERSTORY,Richard Powers,6,13,Norton,039335668X,9780393356687,Winner of the 2019 Pulitzer Prize for fiction. Nine people drawn to trees for different reasons fight for the last of the remaining acres of virgin forest.,4.14,69310,4
Combined Print and E-Book Fiction,2020-05-10,IN FIVE YEARS,Rebecca Serle,6,12,Atria,1982137460,9781982137465,A Manhattan lawyer finds herself confronting a vision she had when elements of it come to life on schedule.,3.87,77119,4
Combined Print and E-Book Fiction,2020-01-05,TWISTED TWENTY-SIX,Janet Evanovich,6,9,Putnam,0399180192,9780399180194,The 26th book in the Stephanie Plum series. A New Jersey gangster’s associates go after a bounty hunter’s widowed grandmother.,4.08,29261,4
Combined Print and E-Book Fiction,2020-06-28,BIG SUMMER,Jennifer Weiner,6,12,Atria,None,9781501133534,Daphne Berg’s former best friend asks her to be the maid of honor at her wedding in Cape Cod.,3.68,48169,4
Combined Print and E-Book Fiction,2020-06-21,ALL ADULTS HERE,Emma Straub,5,15,Riverhead,1594634696,9781594634697,A repressed memory triggers Astrid Strick to weigh the outcomes of her parenting of her now-grown children.,3.64,29959,4
Combined Print and E-Book Fiction,2020-07-12,HIDEAWAY,Nora Roberts,5,14,St. Martin's,125020710X,9781250207104,"A child star escapes her abductors, gathers herself in western Ireland and returns to Hollywood.",4.06,16299,4
Combined Print and E-Book Fiction,2020-08-16,GOLDEN IN DEATH,JD Robb,5,11,St. Martin's,1250207223,9781250207227,The 50th book of the In Death series. Eve Dallas seeks the sender of packages that give off toxic airborne fumes.,4.39,13717,4
Combined Print and E-Book Fiction,2020-09-06,NEAR DARK,Brad Thor,5,15,Emily Bestler/Atria,1982104066,9781982104061,"The 19th book in the Scot Harvath series. With a bounty on his head, Harvath makes an alliance with a Norwegian intelligence operative.",4.28,4147,4
Combined Print and E-Book Fiction,2020-07-12,FAIR WARNING,Michael Connelly,5,11,Little Brown,0316539422,9780316539425,The third book in the Jack McEvoy series. A reporter tracks a killer who uses genetic data to pick his victims.,4.23,16533,4
Combined Print and E-Book Fiction,2020-02-23,DEAR EDWARD,Ann Napolitano,5,13,Dial,1984854798,9781984854797,A 12-year-old boy tries to start over after becoming the sole survivor of a plane crash in which he lost his immediate family.,4.15,68497,4
Combined Print and E-Book Fiction,2020-04-05,BLINDSIDE,James Patterson and James O Born,4,11,"Little, Brown",0316420336,9780316420334,The 12th book in the Michael Bennett series. A serial-killing spree might impact national security.,4.09,7236,4
Combined Print and E-Book Fiction,2020-05-03,THE GLASS HOTEL,Emily St John Mandel,4,14,Knopf,0525521143,9780525521143,"Years after an international Ponzi scheme falls apart, one of its victims investigates the disappearance of a woman from a container ship.",3.74,46225,4
Combined Print and E-Book Fiction,2020-06-14,THE 20TH VICTIM,James Patterson and Maxine Paetro,4,14,Little Brown,031642028X,9780316420280,The 20th book in the Women’s Murder Club series. Lindsay Boxer looks into the murders of disreputable persons in three separate cities.,4.07,11072,4
Combined Print and E-Book Fiction,2020-08-09,SEX AND VANITY,Kevin Kwan,4,15,Doubleday,038554720X,9780385546270,A nod to “A Room With a View” in which Lucie Tang Churchill is torn between her WASPy billionaire fiancé and a privileged hunk born in Hong Kong.,3.43,17741,3
Combined Print and E-Book Fiction,2020-01-19,DAISY JONES & THE SIX,Taylor Jenkins Reid,4,8,Ballantine,1524798630,9781524798635,A fictional oral history charting the rise and fall of a ’70s rock ’n’ roll band.,4.2,264389,4
Combined Print and E-Book Fiction,2020-04-19,THE MIRROR & THE LIGHT,Hilary Mantel,4,13,Holt,0805096604,9780805096606,"The third book in the Wolf Hall trilogy. After Anne Boleyn’s execution, Thomas Cromwell’s enemies assemble.",4.46,15302,4
Combined Print and E-Book Fiction,2020-02-23,LOST,James Patterson and James O Born,4,15,"Little, Brown",0316420328,9780316420327,The new head of an F.B.I. task force takes on a crime syndicate run by a pair of Russian nationals.,3.97,6243,4
Combined Print and E-Book Fiction,2020-04-12,LONG RANGE,CJ Box,4,14,Putnam,0525538232,9780525538233,The 20th book in the Joe Pickett series. A grizzly bear attack and an attempted assassination of a local judge baffle the Wyoming game warden.,4.46,8674,4
Combined Print and E-Book Fiction,2020-09-06,1ST CASE,James Patterson and Chris Tebbetts,4,12,"Little, Brown",0316418188,9780316418188,"After getting kicked out of M.I.T., Angela Hoot interns with the F.B.I. and tracks the murderous siblings known as the Poet and the Engineer.",3.99,3889,4
Combined Print and E-Book Fiction,2020-09-27,SQUEEZE ME,Carl Hiaasen,3,10,Knopf,1524733458,9781524733452,"A dead dowager, hungry pythons and occupants of the winter White House shake up the Palm Beach charity ball season.",4.29,3854,4
Combined Print and E-Book Fiction,2020-02-09,LONG BRIGHT RIVER,Liz Moore,3,12,Riverhead,None,9780525540694,Mickey risks her job with the Philadelphia police force by going after a murderer and searching for her missing sister.,4.08,42681,4
Combined Print and E-Book Fiction,2020-05-24,THE BOOK OF LONGINGS,Sue Monk Kidd,3,15,Viking,052542976X,9780525429760,A scholarly young woman named Ana meets an 18-year-old Jesus and becomes caught up in a confluence of dangers.,4.28,32545,4
Combined Print and E-Book Fiction,2020-05-17,MASKED PREY,John Sandford,3,10,Putnam,0525539522,9780525539520,The 30th book in the Prey series. Washington politicians ask Lucas Davenport to look into someone who is targeting their children.,4.16,11707,4
Combined Print and E-Book Fiction,2020-03-08,A LONG PETAL OF THE SEA,Isabel Allende,3,15,Ballantine,198482015X,9781984820150,A young pregnant widow and an Army doctor take a ship to Chile to escape the aftermath of the Spanish Civil War.,4.08,30348,4
Combined Print and E-Book Fiction,2020-09-20,ROYAL,Danielle Steel,3,12,Delacorte,0399179658,9780399179655,"In 1943, the 17-year-old Princess Charlotte assumes a new identity in the country and falls in love.",4.22,2109,4
Combined Print and E-Book Fiction,2020-09-27,THICK AS THIEVES,Sandra Brown,3,12,Grand Central,1538751941,9781538751947,Arden Maxwell returns home to uncover the truth about her father’s involvement in a heist that went wrong 20 years ago.,4.14,4004,4
Combined Print and E-Book Fiction,2020-02-02,THE WIVES,Tarryn Fisher,3,15,Graydon House,1488054355,9781488054358,A woman discovers something disturbing about her polygamist husband.,3.66,81568,4
Combined Print and E-Book Fiction,2020-09-13,THE MIDWIFE MURDERS,James Patterson and Richard DiLallo,3,14,Grand Central,1538718871,9781538718872,A single mom teams up with an N.Y.P.D. detective to solve a case involving misdeeds at a university hospital.,3.72,2517,4
Combined Print and E-Book Fiction,2020-09-27,THE HARBINGER II,Jonathan Cahn,2,8,FrontLine,1629998915,9781629998916,"Nouriel, Ana Goren and a figure known as ""the prophet"" return as revelations are unlocked.",4.83,395,5
Combined Print and E-Book Fiction,2020-01-19,BLOOD OF ELVES,Andrzej Sapkowski,2,12,Orbit,0316073717,9780316073714,"The first book in the Witcher series. As war looms, Geralt of Rivia must protect the prophesied savior of the world.",4.11,102911,4
Combined Print and E-Book Fiction,2020-05-03,REDHEAD BY THE SIDE OF THE ROAD,Anne Tyler,2,15,Knopf,0525658424,9780525658429,Micah Mortimer’s orderly existence is thrown off kilter when his partner faces eviction and a teenager claims to be his son.,3.66,19272,4
Combined Print and E-Book Fiction,2020-07-12,TOM CLANCY: FIRING POINT,Mike Maden,2,15,Putnam,0593188063,9780593188064,"When an old friend is killed during the bombing of a Barcelona cafe, Jack Ryan Jr. searches for those responsible.",4.19,3344,4
Combined Print and E-Book Fiction,2020-03-15,CHASING CASSANDRA,Lisa Kleypas,2,15,Avon,0062371940,9780062371942,The sixth book in the Ravenels series. Cassandra teaches a railway magnate a lesson.,4.13,11605,4
Combined Print and E-Book Fiction,2020-03-01,CROOKED RIVER,Douglas Preston and Lincoln Child,2,6,Grand Central,1538747251,9781538747254,The 19th book in the Agent Pendergast series. Human feet inside nondescript shoes wash ashore in Florida.,4.3,9126,4
Combined Print and E-Book Fiction,2020-09-27,THE LYING LIFE OF ADULTS,Elena Ferrante,2,11,Europa Editions,1609455916,9781609455910,"In this coming-of-age story, Giovanna seeks her true reflection in two kindred cities.",3.81,8192,4
Combined Print and E-Book Fiction,2020-02-02,MORAL COMPASS,Danielle Steel,2,11,Delacorte,0399179534,9780399179532,"Shortly after Saint Ambrose Prep goes co-ed, a student is attacked and the community falls apart.",4.02,4429,4
Combined Print and E-Book Fiction,2020-06-07,THE LAST TRIAL,Scott Turow,2,11,Grand Central,None,9781538748084,"An 85-year-old defense lawyer puts off his retirement to aid a Nobel Prize winner in Medicine, who is accused of insider trading, fraud and murder.",3.92,5291,4
Combined Print and E-Book Fiction,2020-08-16,MEXICAN GOTHIC,Silvia Moreno-Garcia,2,15,Del Rey,0525620788,9780525620785,"In 1950s Mexico, a debutante travels to a distant mansion where family secrets of a faded mining empire have been kept hidden.",3.79,37768,4
Combined Print and E-Book Fiction,2020-03-29,THE NUMBERS GAME,Danielle Steel,2,12,Delacorte,0399179569,9780399179563,An affair wrecks a marriage and a daughter seeks to get out from her family’s shadow while old dreams and new love are pursued.,4.04,4464,4
Combined Print and E-Book Fiction,2020-08-30,THE SILENT WIFE,Karin Slaughter,2,15,Morrow,0062858912,9780062858917,The 10th book in the Will Trent series. Investigations of two crimes force Trent to call on his girlfriend's expertise as a medical examiner.,4.38,9603,4
Combined Print and E-Book Fiction,2020-04-05,JOURNEY OF THE PHARAOHS,Clive Cussler and Graham Brown,2,14,Putnam,0593083083,9780593083086,The 17th book of the NUMA Files series. The NUMA squad teams with British MI5 to stop arms dealers from stealing ancient relics.,4.31,2997,4
Combined Print and E-Book Fiction,2020-04-26,EVERYTHING I NEVER TOLD YOU,Celeste Ng,2,9,Penguin,0143127551,9780143127550,"Lydia, bearing the hopes of a Chinese-American family in 1970s Ohio, ends up at the bottom of a lake.",3.86,334056,4
Combined Print and E-Book Fiction,2020-03-29,HOUSE OF EARTH AND BLOOD,Sarah J Maas,2,9,Bloomsbury,1635574048,9781635574043,Passion arises between Bryce Quinlan and Hunt Athalar as they seek to avenge the deaths of Bryce’s friends.,4.44,75026,4
Combined Print and E-Book Fiction,2020-09-27,TRANSCENDENT KINGDOM,Yaa Gyasi,2,13,Knopf,0525658181,9780525658184,A Ph.D. candidate in neuroscience looks to the hard sciences and her childhood faith to potentially help her grieving Ghanaian immigrant family.,4.29,8518,4
Combined Print and E-Book Fiction,2020-08-09,PEACE TALKS,Jim Butcher,2,8,Ace,0451464419,9780451464415,The 16th book in the Dresden Files series. Chicago's only professional wizard tries to keep the peace during a summit of the Supernatural nations of the world.,4.23,18785,4
Combined Print and E-Book Fiction,2020-04-26,TEXAS OUTLAW,James Patterson and Andrew Bourelle,2,15,"Little, Brown",0316428167,9780316428163,A Texas Ranger goes to a small town to investigate whether an accidental death was actually a murder.,4.38,4578,4
Combined Print and E-Book Fiction,2020-05-31,THE BOOK OF LOST FRIENDS,Lisa Wingate,2,13,Ballantine,None,9781984819895,The stories of three women struggling to get from Louisiana to Texas during Reconstruction are discovered by a first-year teacher living a century later.,4.22,24017,4
Combined Print and E-Book Fiction,2020-04-26,VALENTINE,Elizabeth Wetmore,2,14,Harper,0062913263,9780062913265,A Texas town on the verge of an oil boom in 1976 becomes divided when a teenage girl is brutally attacked.,3.8,21415,4
Combined Print and E-Book Fiction,2020-09-27,ALL THE DEVILS ARE HERE,Louise Penny,2,4,Minotaur,1250145252,9781250145253,"The 16th book in the Chief Inspector Gamache series. When his billionaire godfather is attacked, Gamache uncovers secrets hidden throughout Paris.",4.65,10326,5
Combined Print and E-Book Fiction,2020-06-28,DANCE AWAY WITH ME,Susan Elizabeth Phillips,1,15,Morrow,0062973045,9780062973047,"Tess Hartsong, a midwife and widow, goes to find peace of mind in the mountains of Tennessee.",4.07,4552,4
Combined Print and E-Book Fiction,2020-02-16,VENDETTA ROAD,Christine Feehan,1,2,Berkley,1984803573,9781984803573,"The third book in the Torpedo Ink series. After a breakup, Soleil meets a man in a Las Vegas biker bar.",4.1,3415,4
Combined Print and E-Book Fiction,2020-09-20,DARK SONG,Christine Feehan,1,3,Berkley,0593099826,9780593099827,The 34th book in the Carpathian series. Will the vampire who held Elisabeta captive get in the way of her bond with Ferro?,4.51,1413,5
Combined Print and E-Book Fiction,2020-02-16,WHEN YOU SEE ME,Lisa Gardner,1,3,Dutton,1524745014,9781524745011,D.D. Warren and Flora Dane join the F.B.I. agent Kimberly Quincy’s taskforce.,4.31,13212,4
Combined Print and E-Book Fiction,2020-07-05,DEACON KING KONG,James McBride,1,11,Riverhead,073521672X,9780735216723,"In 1969, secrets in a South Brooklyn neighborhood are uncovered when a church deacon known as Sportcoat shoots a drug dealer in public.",4.21,11901,4
Combined Print and E-Book Fiction,2020-03-29,A GOOD NEIGHBORHOOD,Therese Anne Fowler,1,8,St. Martin's,1250237270,9781250237279,A property line and a teenage romance strain relations between two North Carolina families.,3.88,26417,4
Combined Print and E-Book Fiction,2020-08-16,DEADLOCK,Catherine Coulter,1,1,Gallery,1501193724,9781501193729,"The 24th book in the F.B.I. Thriller series. A young wife, a psychopath and three red boxes puzzle agents Savich and Sherlock.",4.33,2379,4
Combined Print and E-Book Fiction,2020-08-09,AXIOM'S END,Lindsay Ellis,1,7,St. Martin's,1250256739,9781250256737,Cora Sabino finds herself caught between her estranged whistle-blower father and the extraterrestrials who have been living here for decades.,3.94,4953,4
Combined Print and E-Book Fiction,2020-08-23,THE WOODS,Harlan Coben,1,15,Dutton,None,9781101128671,"When a homicide victim is discovered, a New Jersey prosecutor begins to hope his sister who disappeared 20 years ago may still be alive.",4.05,73055,4
Combined Print and E-Book Fiction,2020-07-26,DESOLATION ROAD,Christine Feehan,1,3,Berkley,0593099753,9780593099759,The fourth book in the Torpedo Ink series. A biker wants to know what a local librarian is hiding.,4.03,2460,4
Combined Print and E-Book Fiction,2020-07-05,DEVOLUTION,Max Brooks,1,12,Del Rey,1984826786,9781984826787,"In the aftermath of Mount Rainier erupting, Kate Holland’s newly discovered journals tell the tale of the creature known as Bigfoot.",3.93,14482,4
Combined Print and E-Book Fiction,2020-09-13,EMERALD BLAZE,Ilona Andrews,1,5,Avon,0062878379,9780062878373,The latest installment in the Hidden Legacy series. Catalina Baylor overcomes heartbreak to team up with Alessandro Sagredo.,4.56,8225,5
Combined Print and E-Book Fiction,2020-04-05,A CONSPIRACY OF BONES,Kathy Reichs,1,10,Scribner,1982138904,9781982138905,The 19th book in the Temperance Brennan series. The forensic anthropologist seeks the identity of a corpse missing its face and hands.,3.75,5896,4
Combined Print and E-Book Fiction,2020-07-26,A BEAUTIFULLY FOOLISH ENDEAVOR,Hank Green,1,6,Dutton,0593183916,9781524743475,Mysterious books hint at what caused the untimely demise of April May and the sudden disappearance of robots known as the Carls.,4.37,10009,4
Combined Print and E-Book Fiction,2020-06-14,WRATH OF POSEIDON,Clive Cussler and Robin Burcell,1,9,Penguin,0593087895,9780593087893,The 12th book in the Sam and Remi Fargo Adventure series. A kingpin is released from prison and a final showdown takes place in Greece.,4.39,1853,4
Combined Print and E-Book Fiction,2020-04-19,FATE,Helen Hardt,1,14,Waterhouse,,9781642632217,The 13th book in the Steel Brothers Saga.,4.6,1460,5
Combined Print and E-Book Fiction,2020-05-10,FIRST COMES SCANDAL,Julia Quinn,1,8,Avon,0062956175,9780062956170,Will Georgiana Bridgerton and Nicholas Rokesby’s unorthodox courtship lead to a marriage of convenience or will they find true love with each other?,3.73,5285,4
Combined Print and E-Book Fiction,2020-07-19,DARING AND THE DUKE,Sarah MacLean,1,15,Avon,0062691996,9780062691996,The third book in the Bareknuckle Bastards series.,3.83,4191,4
Combined Print and E-Book Fiction,2020-06-07,A WEEK AT THE SHORE,Barbara Delinsky,1,15,St. Martin's,1250119502,9781250119506,"After 20 years away, Mallory Aldiss returns to her family's Rhode Island beach home.",3.9,3706,4
Combined Print and E-Book Fiction,2020-08-30,A PRIVATE CATHEDRAL,James Lee Burke,1,4,Simon & Schuster,None,9781982151706,The 23rd book in the Dave Robicheaux series. Rival Louisiana crime families and a time-traveling superhuman assassin bring up Robicheaux’s personal demons.,4.12,3299,4
Combined Print and E-Book Fiction,2020-08-02,A WALK ALONG THE BEACH,Debbie Macomber,1,8,Ballantine,0399181377,9780399181375,"After dealing with loss and setbacks, two sisters take risks on dreams and love.",4.19,3470,4
Combined Print and E-Book Fiction,2020-09-13,TRUTH AND JUSTICE,Fern Michaels,1,11,Zebra,1420146068,9781420146066,The 31st book in the Sisterhood series. A con artist is behind a scheme involving fertility clinics.,4.31,663,4
Combined Print and E-Book Fiction,2020-01-26,TREASON,Stuart Woods,1,5,Putnam,0593083210,9780593083215,The 52nd book in the Stone Barrington series. Stone is asked to expose a double agent in the State Department.,3.74,2583,4
Combined Print and E-Book Fiction,2020-09-27,ANXIOUS PEOPLE,Fredrik Backman,1,2,Atria,1501160834,9781501160837,A failed bank robber holds a group of strangers hostage at an apartment open house.,4.39,20081,4
Combined Print and E-Book Fiction,2020-08-02,UTOPIA AVENUE,David Mitchell,1,14,Random House,0812997433,9780812997439,The glories and misadventures of a 1960s British band told from several perspectives with cameos by real-life musicians.,4.1,5318,4
Combined Print and E-Book Fiction,2020-03-22,TRACE ELEMENTS,Donna Leon,1,10,Atlantic Monthly,None,9780802148698,The 29th novel in the Commissario Guido Brunetti series. Circumstances around a motorcycle accident reveal that Venice’s water supply might be at risk.,3.93,3587,4
Combined Print and E-Book Fiction,2020-06-14,BOMBSHELL,Stuart Woods and Parnell Hall,1,12,Putnam,059308327X,9780593083277,Gossip and a grudge put Teddy Fay in a tough spot back in Hollywood.,4.12,1953,4
Combined Print and E-Book Fiction,2020-08-02,CAJUN JUSTICE,James Patterson and Tucker Axum,1,12,Grand Central,1538752387,9781538752388,"Cain Lemaire, an ex-Secret Service agent from New Orleans, gets in the thick of things as the head of security for a chief executive in Tokyo.",3.89,2095,4
Combined Print and E-Book Fiction,2020-07-05,AMERICAN DEMON,Kim Harrison,1,8,Ace,059310143X,9780593101438,The 14th book in the Hollows series.,4.5,3979,4
Combined Print and E-Book Fiction,2020-05-17,THE WEDDING DRESS,Danielle Steel,1,6,Delacorte,0399179607,9780399179600,The triumphs and losses of one family over the last century are recounted as a symbolic piece of apparel gets handed down through the generations.,4.2,3879,4
Combined Print and E-Book Fiction,2020-08-30,CHOPPY WATER,Stuart Woods,1,2,Putnam,0593188314,9780593188316,The 54th book in the Stone Barrington series. Things get rough for Stone as he goes after criminals in New York City and Key West.,3.89,1424,4
Combined Print and E-Book Fiction,2020-03-15,COCONUT LAYER CAKE MURDER,Joanne Fluke,1,6,Kensington,None,9781496718914,The bakery owner Hannah Swensen’s sister’s boyfriend is accused of murder.,3.52,6914,4
Combined Print and E-Book Fiction,2020-09-20,THRAWN ASCENDANCY: CHAOS RISING,Timothy Zahn,1,11,Del Rey,0593157680,9780593157688,"In this Star Wars saga, a young military officer is sent to find the unseen enemies who attacked the Chiss capital.",4.33,1210,4
Combined Print and E-Book Fiction,2020-06-28,DADDY'S GIRLS,Danielle Steel,1,2,Delacorte,0399179631,9780399179631,"After a California rancher‘s sudden death, his three daughters discover things they did not know about their father.",4.21,3728,4
Combined Print and E-Book Fiction,2020-02-09,AGENCY,William Gibson,1,9,Berkley,1101986956,9781101986950,"Ainsley Lowbeer can see alternate outcomes for Verity Jane and her digital assistant, who lived in the previous century.",3.84,5466,4
Combined Print and E-Book Fiction,2020-06-07,BEACH READ,Emily Henry,1,12,Berkley,1984806742,9781984806741,A relationship develops between a literary fiction author and a romance novelist as they both try to overcome writer’s block.,4.07,77970,4
Combined Print and E-Book Fiction,2020-07-19,FRIENDS AND STRANGERS,J Courtney Sullivan,1,10,Knopf,0525520597,9780525520597,Complications ensue when a New York journalist downshifts to become a mom in a small town and hires a senior at the local women’s college to babysit.,3.73,8600,4
Combined Print and E-Book Fiction,2020-01-26,HUNTER KILLER,Brad Taylor,1,8,Morrow,0062886045,9780062886040,The 14th book in the Pike Logan series. Pike has a hunch Taskforce is being targeted.,4.28,2033,4
Combined Print and E-Book Fiction,2020-08-23,HARROW THE NINTH,Tamsyn Muir,1,10,Tor.com,1250313201,9781250313201,The second book of the Locked Tomb trilogy. Harrowhark Nonagesimus must overcome her failing health to become an angel of undeath.,4.39,6806,4
Combined Print and E-Book Fiction,2020-05-24,"HELLO, SUMMER",Mary Kay Andrews,1,11,St. Martin's,1250256925,9781250256928,Conley Hawkins loses her big-city beat and takes over the gossip column of her family’s small-town newspaper.,4.0,9176,4
Combined Print and E-Book Fiction,2020-05-03,SAVAGE SON,Jack Carr,1,10,Emily Bestler/Atria,1982123729,9781982123727,The third book in the Terminal List series. The Russian mafia targets a former Navy SEAL who is recovering from brain surgery.,4.51,2814,5
Combined Print and E-Book Fiction,2020-06-21,THE LIES THAT BIND,Emily Giffin,1,4,Ballantine,0399178953,9780399178955,"When the new man in her life disappears on 9/11, the budding reporter Cecily Gardner questions what she knew about him.",3.71,20122,4
Combined Print and E-Book Fiction,2020-05-24,SHADOW FLIGHT,Christine Feehan,1,6,Berkley,059309980X,9780593099803,The fifth book in the Shadow Riders series. Taviano Ferraro steps outside his crime family’s rules to keep Nicoletta Gomez safe.,4.37,2733,4
Combined Print and E-Book Fiction,2020-09-27,SHADOWS IN DEATH,JD Robb,1,1,St. Martin's,125020724X,9781250207241,The 51st book of the In Death series. A hitman with possible connections to Eve Dallas’s husband is seen near the scene of a crime.,4.48,6329,4
Combined Print and E-Book Fiction,2020-04-05,SMOKE BITTEN,Patricia Briggs,1,3,Ace,0440001560,9780440001560,The 12th book in the Mercy Thompson series. The car mechanic who has the ability to turn into a coyote takes on a deadly foe.,4.43,16558,4
Combined Print and E-Book Fiction,2020-09-13,SOMEONE TO ROMANCE,Mary Balogh,1,7,Berkley,1984802402,9781984802408,The seventh book in the Westcott series. Gabriel Thorne’s intention to wed Lady Jessica Archer misses its mark at first.,4.17,1128,4
Combined Print and E-Book Fiction,2020-04-05,STAR WARS: THE RISE OF SKYWALKER,Rae Carson,1,9,Del Rey,0593128400,9780593128404,The Resistance goes on a new adventure as word of the re-emergence of Emperor Palpatine is sent across the galaxy.,3.93,2907,4
Combined Print and E-Book Fiction,2020-04-12,THE LAST ODYSSEY,James Rollins,1,5,Morrow,0062892894,9780062892898,The 15th book in the Sigma Force series. Catastrophic dangers might be set in motion when a medieval ship is discovered in Greenland.,4.23,4534,4
Combined Print and E-Book Fiction,2020-08-23,SUCKER PUNCH,Laurell K Hamilton,1,3,Berkley,1984804456,9781984804457,"The 27th book in the Anita Blake, Vampire Hunter series. The evidence that a wereleopard killed his uncle doesn’t add up.",3.97,3168,4
Combined Print and E-Book Fiction,2020-07-12,THE LAST FLIGHT,Julie Clark,1,10,Sourcebooks Landmark,None,9781728215730,Claire Cook escapes from living with her quick-tempered husband and assumes another woman’s identity.,4.13,24984,4
Combined Print and E-Book Fiction,2020-05-03,THE LAST EMPEROX,John Scalzi,1,6,Tor,0765389177,9780765389176,"The third book in the Interdependency series. As an interstellar pathway collapses, Emperox Grayland II fights to save humanity.",4.08,13262,4
Combined Print and E-Book Fiction,2020-08-09,THE BOOK OF LOST NAMES,Kristin Harmel,1,14,Gallery,None,9781982131913,A woman who helped Jewish children flee the Nazis during World War II now might be the only one who can unlock a code found in a religious text.,4.45,8083,4
Combined Print and E-Book Fiction,2020-03-22,THE JETSETTERS,Amanda Eyre Ward,1,13,Ballantine,0399181903,9780399181900,Old pains are unpacked as the fractured Perkins family goes on a trip through Europe.,3.16,21977,3
Combined Print and E-Book Fiction,2020-04-12,THE CITY WE BECAME,NK Jemisin,1,13,Orbit,0316509841,9780316509848,People from different walks of life in New York City receive messages through various senses.,4.05,17098,4
Combined Print and E-Book Fiction,2020-01-26,THE COUNTRY GUESTHOUSE,Ron Carr,1,14,Mira,None,9781488052293,The fifth book in the Sullivan's Crossing series.,4.3,6341,4
Combined Print and E-Book Fiction,2020-09-27,THE DARKEST EVENING,Ann Cleeves,1,7,Minotaur,1250204526,9781250204523,"The ninth book in the Vera Stanhope series. An abandoned toddler, a dead woman and a blizzard complicate the holidays in the Northumberland countryside.",4.53,2095,5
Combined Print and E-Book Fiction,2020-09-06,THE JACKAL,JR Ward,1,3,Gallery,None,9781501195082,"In the Black Dagger Brotherhood world, Nyx searches for her sister in a lost prison camp and meets a man known as the Jackal.",4.34,3276,4
Combined Print and E-Book Fiction,2020-08-16,THE END OF HER,Shari Lapena,1,13,Pamela Dorman,1984880519,9781984880512,The parents of colicky twin girls have other trouble delivered in the form of suspicions surrounding the husband’s first wife’s death.,3.83,9498,4
Combined Print and E-Book Fiction,2020-05-17,THE END OF OCTOBER,Lawrence Wright,1,12,Knopf,0525658661,9780525658665,"Henry Parsons, a microbiologist and epidemiologist, goes to Indonesia to check out a deadly virus that soon will affect the entire planet.",3.8,9365,4
Combined Print and E-Book Fiction,2020-09-13,THE EXILES,Christina Baker Kline,1,13,Custom House,0062356348,9780062356345,Three young women are sent to the fledgling British penal colony of Australia in the 1840s.,4.22,3538,4
Combined Print and E-Book Fiction,2020-08-23,THE FRIENDSHIP LIST,Susan Mallery,1,14,HQN,1488055955,9781488055959,A single mom and a widow take on challenges to push themselves outside their comfort zones.,4.02,3202,4
Combined Print and E-Book Fiction,2020-03-22,WRITERS & LOVERS,Lily King,1,12,Grove,0802148530,9780802148537,Casey Peabody goes through a big life transition as she tries to maintain a creative life.,4.1,32907,4
Combined Print and E-Book Fiction,2020-06-07,RODHAM,Curtis Sittenfeld,1,13,Random House,0399590919,9780399590917,An imaginative look at the life and career one woman might have had if she had not married Bill Clinton.,3.85,15872,4
Combined Print and E-Book Fiction,2020-04-26,REVENGE,James Patterson and Andrew Holmes,1,6,Grand Central,1538700727,9781538700723,A former member of the British Special Air Service looks into the death of a young woman in London at her parent’s urging.,3.83,3547,4
Combined Print and E-Book Fiction,2020-03-22,LETHAL GAME,Christine Feehan,1,7,Berkley,059309977X,9780593099773,"The 16th book in the GhostWalker series. When Amaryllis is endangered, Malichai’s true identity risks being exposed.",4.51,2611,5
Combined Print and E-Book Fiction,2020-03-15,THE WARSAW PROTOCOL,Steve Berry,1,2,Minotaur,1250140315,9781250140319,The 15th book in the Cotton Malone series. The balance of power in Europe is imperiled.,3.96,3781,4
Combined Print and E-Book Fiction,2020-04-05,HIT LIST,Stuart Woods,1,5,Putnam,0593083245,9780593083246,The 53rd book in the Stone Barrington series. The former N.Y.P.D. detective takes it upon himself to get the target off his back.,3.99,3933,4
Combined Print and E-Book Fiction,2020-07-19,HOME BEFORE DARK,Riley Sager,1,12,Dutton,1524745170,9781524745172,When Maggie Holt inherits the Vermont estate that was the setting of her father’s horror memoir she is confronted by some of the people and relics he chronicled.,4.2,32894,4
Combined Print and E-Book Fiction,2020-06-14,THE HENNA ARTIST,Alka Joshi,1,15,MIRA,1488055440,9781488055447,"In 1950s Jaipur, a young woman who escaped an abusive marriage and started a new life is confronted by her husband.",4.28,30409,4
Combined Print and E-Book Fiction,2020-02-16,HUNTING FOR A HIGHLANDER,Lynsay Sands,1,11,Avon,0062855387,9780062855381,The eighth book in the Highland Brides series. Geordie Buchanan and Lady Dwyn Innes have a chance encounter in an orchard.,4.09,1835,4
Combined Print and E-Book Fiction,2020-06-21,HUSH,James Patterson and Candice Fox,1,11,Grand Central,1538751151,9781538751152,The fourth book in the Detective Harriet Blue series. The man who put her in prison asks Harriet Blue to find missing members of his family.,4.08,3615,4
Combined Print and E-Book Fiction,2020-01-26,THE VANISHING,Jayne Ann Krentz,1,6,Berkley,1984806459,9781984806451,A killer goes after a pair of Seattle investigators who witnessed a murder 15 years ago in the secretive town of Fogg Lake.,3.86,4434,4
Combined Print and E-Book Fiction,2020-04-12,THE SINNER,JR Ward,1,4,Gallery,1501195093,9781501195099,The 18th book in the Black Dagger Brotherhood series. Jo Early is attracted to a potentially dangerous stranger.,4.39,7677,4
Combined Print and E-Book Fiction,2020-02-16,INSATIABLE,Helen Hardt,1,10,Waterhouse,,9781642631395,The 12th book in the Steel Brothers Saga.,4.51,2496,5
Combined Print and E-Book Fiction,2020-03-08,THE OTHER MRS.,Mary Kubica,1,12,Park Row,148809960X,9781488099601,A Chicago couple becomes unsettled when they move to an old house in Maine and their new neighbor turns up dead.,3.72,31179,4
Combined Print and E-Book Fiction,2020-07-12,PARTY OF TWO,Jasmine Guillory,1,13,Berkley,None,9780593100837,Olivia Monroe’s past is uncovered when her relationship with a junior senator is made public.,3.9,13239,4
Combined Print and E-Book Fiction,2020-04-19,THE NIGHT WATCHMAN,Louise Erdrich,1,15,Harper,0062671189,9780062671189,"As a bill that may hurt the rights of Native Americans goes to Congress in 1953, domestic issues arise for plant workers near the Turtle Mountain Reservation in North Dakota.",4.18,10195,4
Combined Print and E-Book Fiction,2020-02-23,THE MUSEUM OF DESIRE,Jonathan Kellerman,1,5,Ballantine,None,9780525618539,The 35th book in the Alex Delaware series. Four unrelated victims are found slaughtered in a limousine.,3.96,7078,4
Combined Print and E-Book Fiction,2020-03-29,MY DARK VANESSA,Kate Elizabeth Russell,1,7,Morrow,006294150X,9780062941503,A woman re-evaluates the relationship she had at age 15 with her 42-year-old English teacher 17 years ago.,4.05,65685,4
Combined Print and E-Book Fiction,2020-05-24,NETWORK EFFECT,Martha Wells,1,14,Tor.com,1250229847,9781250229847,The fifth book in the Murderbot Diaries series.,4.42,17017,4
Combined Print and E-Book Fiction,2020-07-26,THE LOST AND FOUND BOOKSHOP,Susan Wiggs,1,15,Morrow,0062914138,9780062914132,Natalie Harper takes over the care of her mother’s bookshop and her ailing grandfather.,3.95,8036,4
Combined Print and E-Book Fiction,2020-06-07,ON OCEAN BOULEVARD,Mary Alice Monroe,1,9,Gallery,1982146958,9781982146955,"As her second wedding approaches, a woman returns to Charleston, S.C., where her family is dealing with changes.",4.12,4199,4
Combined Print and E-Book Fiction,2020-09-27,ONE BY ONE,Ruth Ware,1,3,Gallery/Scout,150118881X,9781501188817,An avalanche tests the bonds of coworkers from a London-based tech startup on a corporate retreat in the French Alps.,3.75,9750,4
Combined Print and E-Book Fiction,2020-03-08,ONE MINUTE OUT,Mark Greaney,1,1,Berkley,0593098927,9780593098929,The ninth book in the Gray Man series. Court Gentry tries to stop the head of a group trafficking women and children.,4.45,4450,4
Combined Print and E-Book Fiction,2020-07-26,OUTSIDER,Linda Castillo,1,12,St. Martin's,1250142911,9781250142917,The 12th book in the Kate Burkholder series. A cop goes into hiding on an Amish widower’s farm while a killer lies in wait.,4.12,3639,4
Combined Print and E-Book Fiction,2020-03-22,YOU ARE NOT ALONE,Greer Hendricks and Sarah Pekkanen,1,9,St. Martin's,1250202035,9781250202031,Shay Miller’s bad luck may get even worse when she meets a pair of sisters who always get what they want.,3.76,33526,4
Combined Print and E-Book Nonfiction,2020-09-13,EDUCATED,Tara Westover,125,10,Random House,0399590501,9780399590504,"The daughter of survivalists, who is kept out of school, educates herself enough to leave home for university.",4.47,780331,4
Combined Print and E-Book Nonfiction,2020-06-07,SAPIENS,Yuval Noah Harari,106,14,Harper,0062316117,9780062316110,How Homo sapiens became Earth’s dominant species.,4.42,490849,4
Combined Print and E-Book Nonfiction,2020-09-06,BECOMING,Michelle Obama,85,9,Crown,1524763136,9781524763138,"The former first lady describes her journey from the South Side of Chicago to the White House, and how she balanced work, family and her husband’s political ascent.",4.53,550228,5
Combined Print and E-Book Nonfiction,2020-09-20,BORN A CRIME,Trevor Noah,72,15,Spiegel & Grau,0399588191,9780399588198,A memoir about growing up biracial in apartheid South Africa by the host of “The Daily Show.”,4.45,381883,4
Combined Print and E-Book Nonfiction,2020-09-13,BETWEEN THE WORLD AND ME,Ta-Nehisi Coates,70,9,Spiegel & Grau,0812993543,9780812993547,"Winner of the 2015 National Book Award for nonfiction. A meditation on race in America as well as a personal story, framed as a letter to the author's teenage son.",4.4,230960,4
Combined Print and E-Book Nonfiction,2020-08-02,ALEXANDER HAMILTON,Ron Chernow,64,6,Penguin,0143034758,9780143034759,A biography of the first Treasury secretary. The basis of the Tony Award-winning Broadway musical.,4.21,126651,4
Combined Print and E-Book Nonfiction,2020-09-20,JUST MERCY,Bryan Stevenson,40,14,Spiegel & Grau,081298496X,9780812984965,A law professor and MacArthur grant recipient’s memoir of his decades of work to free innocent people condemned to death.,4.59,139590,5
Combined Print and E-Book Nonfiction,2020-02-16,BAD BLOOD,John Carreyrou,40,13,Knopf,0525431993,9780525431992,"The rise and fall of Theranos, the biotech startup that failed to deliver on its promise to make blood testing more efficient.",4.42,163984,4
Combined Print and E-Book Nonfiction,2020-04-19,TALKING TO STRANGERS,Malcolm Gladwell,30,15,"Little, Brown",0316478520,9780316478526,Famous examples of miscommunication serve as the backdrop to explain potential conflicts and misunderstandings.,4.04,128806,4
Combined Print and E-Book Nonfiction,2020-04-19,MAYBE YOU SHOULD TALK TO SOMEONE,Lori Gottlieb,29,14,Houghton Mifflin Harcourt,1328663043,9781328663047,A psychotherapist gains unexpected insights when she becomes another therapist’s patient.,4.37,119313,4
Combined Print and E-Book Nonfiction,2020-09-27,UNTAMED,Glennon Doyle,27,9,Dial,1984801252,9781984801258,The activist and public speaker describes her journey of listening to her inner voice.,4.16,100822,4
Combined Print and E-Book Nonfiction,2020-09-13,THE SPLENDID AND THE VILE,Erik Larson,26,15,Crown,0385348711,9780385348713,An examination of the leadership of the prime minister Winston Churchill.,4.23,38566,4
Combined Print and E-Book Nonfiction,2020-09-27,WHITE FRAGILITY,Robin DiAngelo,25,13,Beacon Press,0807047414,9780807047415,Historical and cultural analyses on what causes defensive moves by white people and how this inhibits cross-racial dialogue.,4.32,89998,4
Combined Print and E-Book Nonfiction,2020-08-16,ON TYRANNY,Timothy Snyder,23,3,Tim Duggan,0804190119,9780804190114,Twenty lessons from the 20th century about the course of tyranny.,4.2,39845,4
Combined Print and E-Book Nonfiction,2020-01-19,THE PIONEERS,David McCullough,20,10,Simon & Schuster,None,9781501168697,The Pulitzer Prize-winning historian tells the story of the settling of the Northwest Territory through five main characters.,3.76,13415,4
Combined Print and E-Book Nonfiction,2020-06-07,THE MAMBA MENTALITY,Kobe Bryant,20,13,"Melcher Media/MCD/Farrar, Straus & Giroux",0374201234,9780374201234,Various skills and techniques used on the court by the late Los Angeles Lakers player.,4.25,5031,4
Combined Print and E-Book Nonfiction,2020-09-27,HOW TO BE AN ANTIRACIST,Ibram X Kendi,20,12,One World,0525509283,9780525509288,A primer for creating a more just and equitable society through identifying and opposing racism.,4.43,54262,4
Combined Print and E-Book Nonfiction,2020-05-31,GRIT,Angela Duckworth,19,12,Scribner,1501111124,9781501111129,A psychologist argues that passion and perseverance are the keys to success.,4.09,68080,4
Combined Print and E-Book Nonfiction,2020-06-14,GRANT,Ron Chernow,19,11,Penguin Press,052552195X,9780525521952,A biography of the Union general of the Civil War and two-term president of the United States.,4.49,20930,4
Combined Print and E-Book Nonfiction,2020-06-07,THE BODY KEEPS THE SCORE,Bessel van der Kolk,17,12,Penguin,0143127748,9780143127741,"How trauma affects the body and mind, and innovative treatments for recovery.",4.49,36453,4
Combined Print and E-Book Nonfiction,2020-08-16,I'LL BE GONE IN THE DARK,Michelle McNamara,16,13,Harper,0062319795,9780062319791,"The late true-crime journalist's search for the serial murderer and rapist known as ""the Golden State Killer.""",4.13,151909,4
Combined Print and E-Book Nonfiction,2020-06-07,THE LIBRARY BOOK,Susan Orlean,16,10,Simon & Schuster,1476740208,9781476740201,The story of the 1986 fire at the Los Angeles Public Library provides a backdrop to the evolution and purpose of libraries.,3.91,77956,4
Combined Print and E-Book Nonfiction,2020-02-16,THE BODY,Bill Bryson,15,14,Doubleday,0385539304,9780385539302,"An owner’s manual of the human body covering various parts, functions and what happens when things go wrong.",4.31,29134,4
Combined Print and E-Book Nonfiction,2020-09-13,SO YOU WANT TO TALK ABOUT RACE,Ijeoma Oluo,15,13,Seal,1580058825,9781580058827,A look at the contemporary racial landscape of the United States.,4.53,59475,5
Combined Print and E-Book Nonfiction,2020-04-12,SAY NOTHING,Patrick Radden Keefe,14,15,Doubleday,0307279286,9780307279286,A look at the conflict in Northern Ireland known as the Troubles.,4.42,41334,4
Combined Print and E-Book Nonfiction,2020-01-26,ME,Elton John,13,14,Holt,1250147603,9781250147608,"The multi-award-winning solo artist's first autobiography chronicles his career, relationships and private struggles.",4.32,32920,4
Combined Print and E-Book Nonfiction,2020-01-12,BLOWOUT,Rachel Maddow,13,11,Crown,0525575472,9780525575474,The MSNBC host argues that the global oil and gas industry has weakened democracies and bolstered authoritarians.,4.36,9315,4
Combined Print and E-Book Nonfiction,2020-06-14,THE GREAT INFLUENZA,John M Barry,12,9,Penguin,0143036491,9780143036494,An overview of the 1918 flu epidemic and cautionary tale for similar kinds of large-scale outbreaks.,3.99,27190,4
Combined Print and E-Book Nonfiction,2020-02-16,CATCH AND KILL,Ronan Farrow,11,15,"Little, Brown",0316486639,9780316486637,The Pulitzer Prize-winning reporter details some surveillance and intimidation tactics used to pressure journalists and elude consequences by certain wealthy and connected men.,4.45,62546,4
Combined Print and E-Book Nonfiction,2020-06-14,A WOMAN OF NO IMPORTANCE,Sonia Purnell,11,14,Viking,0735225311,9780735225312,The true story of a Baltimore socialite who joined a spy organization during World War II and became essential to the French Resistance.,4.16,15151,4
Combined Print and E-Book Nonfiction,2020-01-12,THE BOOK OF GUTSY WOMEN,Hillary Rodham Clinton and Chelsea Clinton,10,15,Simon & Schuster,1501178415,9781501178412,Profiles of women from around the world who have blazed trails and challenged the status quo.,4.14,2958,4
Combined Print and E-Book Nonfiction,2020-04-26,OPEN BOOK,Jessica Simpson with Kevin Carr O’Leary,10,14,Dey St.,0062899961,9780062899965,"The singer, actress and fashion designer discloses times of success, trauma and addiction.",4.14,41710,4
Combined Print and E-Book Nonfiction,2020-08-02,ME AND WHITE SUPREMACY,Layla F Saad,9,13,Sourcebooks,1728209803,9781728209807,Ways to understand and possibly counteract white privilege.,4.38,13222,4
Combined Print and E-Book Nonfiction,2020-09-27,TOO MUCH AND NEVER ENOUGH,Mary L Trump,9,10,Simon & Schuster,1982141468,9781982141462,The clinical psychologist gives her assessment of events and patterns inside her family and how they shaped President Trump.,3.93,43131,4
Combined Print and E-Book Nonfiction,2020-05-17,UNORTHODOX,Deborah Feldman,9,13,Simon & Schuster,1439187029,9781439187029,A woman breaks free of the Satmar Hasidic community in Brooklyn in which she was raised.,3.91,35752,4
Combined Print and E-Book Nonfiction,2020-08-23,THE NEW JIM CROW,Michelle Alexander,8,10,New Press,1620971933,9781620971932,"A law professor takes aim at the “war on drugs,” mass incarceration and their impact on Black men.",4.48,71937,4
Combined Print and E-Book Nonfiction,2020-01-12,SAM HOUSTON AND THE ALAMO AVENGERS,Brian Kilmeade,8,5,Sentinel,0525540539,9780525540533,"The ""Fox & Friends” host gives an account of the battle against the Mexican Army in 1836.",4.16,2040,4
Combined Print and E-Book Nonfiction,2020-08-09,STAMPED FROM THE BEGINNING,Ibram X Kendi,8,15,Bold Type,1568585985,9781568585987,Winner of the 2016 National Book Award for nonfiction. A look at anti-Black racist ideas and their effect on the course of American history.,4.51,17976,5
Combined Print and E-Book Nonfiction,2020-01-12,TRIGGERED,Donald Trump Jr,8,12,Center Street,154608603X,9781546086031,Forays into politics and views on liberals from the executive vice president of the Trump Organization.,3.95,1879,4
Combined Print and E-Book Nonfiction,2020-01-12,FINDING CHIKA,Mitch Albom,8,10,Harper,0062952390,9780062952394,Lessons learned by the Alboms when they bring a Haitian orphan with a life-threatening illness into their family.,4.45,14042,4
Combined Print and E-Book Nonfiction,2020-03-22,A VERY STABLE GENIUS,Philip Rucker and Carol Leonnig,7,12,Penguin Press,1984877496,9781984877499,The Pulitzer Prize-winning journalists use firsthand accounts to chart patterns of behavior within the Trump administration.,4.03,10864,4
Combined Print and E-Book Nonfiction,2020-01-05,I HEARD YOU PAINT HOUSES,Charles Brandt,7,8,Steerforth,1586422383,9781586422387,"A World War II veteran works for a crime boss and comes into contact with the union boss Jimmy Hoffa. The basis of the movie ""The Irishman.""",4.08,11529,4
Combined Print and E-Book Nonfiction,2020-08-02,THE COLOR OF LAW,Richard Rothstein,7,9,Liveright,1631494538,9781631494536,An examination of the ways in which the government caused residential segregation through racial zoning and other systemic practices.,4.47,13793,4
Combined Print and E-Book Nonfiction,2020-06-07,HIDDEN VALLEY ROAD,Robert Kolker,7,8,Doubleday,038554376X,9780385543767,"From 1945 to 1965, a family in Colorado had 12 children, six of whom went on to develop schizophrenia.",4.16,24276,4
Combined Print and E-Book Nonfiction,2020-05-31,FORTITUDE,Dan Crenshaw,6,13,Grand Central,1538733307,9781538733301,The Texas congressman and former Navy SEAL prescribes ways to overcome adversity.,4.54,2967,5
Combined Print and E-Book Nonfiction,2020-03-15,PROFILES IN CORRUPTION,Peter Schweizer,6,14,Harper,006289790X,9780062897909,The author of “Clinton Cash” gives his evaluations of members of the Democratic Party.,4.25,1231,4
Combined Print and E-Book Nonfiction,2020-01-26,RANGE,David Epstein,6,10,Riverhead,0735214484,9780735214484,"An argument for how generalists excel more than specialists, especially in complex and unpredictable fields.",4.17,22133,4
Combined Print and E-Book Nonfiction,2020-01-12,A WARNING,Anonymous,6,8,Twelve,1538718464,9781538718469,A senior official in the Trump administration offers an assessment of the president and makes a moral appeal.,3.89,9819,4
Combined Print and E-Book Nonfiction,2020-09-27,CASTE,Isabel Wilkerson,6,4,Random House,0593230256,9780593230251,The Pulitzer Prize-winning journalist examines aspects of caste systems across civilizations and reveals a rigid hierarchy in America today.,4.64,7399,5
Combined Print and E-Book Nonfiction,2020-08-16,THE ROOM WHERE IT HAPPENED,John Bolton,6,9,Simon & Schuster,1982148039,9781982148034,The former national security advisor gives his account of the 17 months he spent working for President Trump.,3.12,8415,3
Combined Print and E-Book Nonfiction,2020-09-27,LIVE FREE OR DIE,Sean Hannity,6,6,Threshold Editions,1982149973,9781982149970,The Fox News host offers his assessment on what is at stake in the 2020 election.,4.3,578,4
Combined Print and E-Book Nonfiction,2020-09-13,THE WARMTH OF OTHER SUNS,Isabel Wilkerson,5,12,Vintage,0679763880,9780679763888,"An account of the Great Migration of 1915-70, in which nearly six million African-Americans abandoned the South.",4.39,58426,4
Combined Print and E-Book Nonfiction,2020-08-30,THE TRUTHS WE HOLD,Kamala Harris,5,9,Penguin,0525560734,9780525560739,A memoir by the daughter of immigrants who is now a California senator and the 2020 Democratic candidate for vice president.,3.95,7578,4
Combined Print and E-Book Nonfiction,2020-08-16,BEGIN AGAIN,Eddie S Glaude Jr,5,7,Crown,0525575324,9780525575320,An appraisal of the life and work of James Baldwin and their meaning in relation to the Black Lives Matter movement and the Trump presidency.,4.5,1152,4
Combined Print and E-Book Nonfiction,2020-05-17,FRONT ROW AT THE TRUMP SHOW,Jonathan Karl,5,10,Dutton,1524745626,9781524745622,The ABC News chief White House correspondent gives his perspective on our current president and describes the shifts within their relationship.,4.29,1950,4
Combined Print and E-Book Nonfiction,2020-05-24,THE HOUSE OF KENNEDY,James Patterson and Cynthia Fagen,4,12,"Little, Brown",0316454486,9780316454483,A look at the achievements of the political family and what has been called “the Kennedy curse.”,3.91,4739,4
Combined Print and E-Book Nonfiction,2020-02-09,WHY WE SLEEP,Matthew Walker,4,15,Scribner,1501144324,9781501144325,A neuroscientist uses recent scientific discoveries to explain the functions of sleep and dreams.,4.39,72966,4
Combined Print and E-Book Nonfiction,2020-06-14,PLAGUE OF CORRUPTION,Judy Mikovits and Kent Heckenlively,4,4,Skyhorse,1510752242,9781510752245,The controversial virologist gives her account of her work over nearly four decades.,4.22,589,4
Combined Print and E-Book Nonfiction,2020-01-05,HOW TO,Randall Munroe,3,14,Riverhead,0525537090,9780525537090,The former NASA roboticist dispenses complex and excessive solutions to common problems.,4.18,8845,4
Combined Print and E-Book Nonfiction,2020-09-27,HOAX,Brian Stelter,3,11,One Signal/Atria,1982142448,9781982142445,The CNN anchor and chief media correspondent examines the inner workings of Fox News and its relationship with President Trump.,4.12,859,4
Combined Print and E-Book Nonfiction,2020-08-23,HOW TO DESTROY AMERICA IN THREE EASY STEPS,Ben Shapiro,3,11,Broadside,006300187X,9780063001879,"The conservative commentator describes what he perceives as threats to American history, ideals and culture.",4.25,1068,4
Combined Print and E-Book Nonfiction,2020-04-05,JOHN ADAMS UNDER FIRE,Dan Abrams and David Fisher,3,15,Hanover Square,1335015922,9781335015921,How the man who became the second president served as the defense lawyer for the British soldiers who stood accused in the Boston Massacre in 1770.,3.77,443,4
Combined Print and E-Book Nonfiction,2020-09-06,IT WAS ALL A LIE,Stuart Stevens,3,14,Knopf,0525658459,9780525658450,The former political campaign strategist evaluates the changes within the Republican Party in the last half-century.,4.27,875,4
Combined Print and E-Book Nonfiction,2020-01-19,MIDNIGHT IN CHERNOBYL,Adam Higginbotham,3,9,Simon & Schuster,1501134647,9781501134647,"An account of the 1986 disaster at the Chernobyl nuclear power plant, based on hundreds of hours of interviews.",4.39,23229,4
Combined Print and E-Book Nonfiction,2020-05-17,MORE MYSELF,Alicia Keys with Michelle Burford,3,14,Flatiron,1250153298,9781250153296,The Grammy Award-winning musician retraces her path to discovering her own worth.,4.19,5867,4
Combined Print and E-Book Nonfiction,2020-09-06,THE ANSWER IS ...,Alex Trebek,3,10,Simon & Schuster,1982157992,9781982157999,Who is the Canadian-American game show host whose pronunciation of the word “genre” has been shared widely on social media?,4.2,4891,4
Combined Print and E-Book Nonfiction,2020-04-12,THE GIFT OF FORGIVENESS,Katherine Schwarzenegger Pratt,3,11,Pamela Dorman,1984878255,9781984878250,"Stories, interviews and reflections on the act of letting go of resentment.",3.73,1925,4
Combined Print and E-Book Nonfiction,2020-03-01,WHY WE'RE POLARIZED,Ezra Klein,3,9,Avid Reader,147670032X,9781476700328,The editor at large and co-founder of Vox offers his take on what causes divisions in America.,4.27,4833,4
Combined Print and E-Book Nonfiction,2020-07-05,WHY ARE ALL THE BLACK KIDS SITTING TOGETHER IN THE CAFETERIA?,Beverly Daniel Tatum,3,7,Basic,0465060684,9780465060689,The president emerita of Spelman College examines whether self-segregation is a problem or a coping strategy.,4.26,16947,4
Combined Print and E-Book Nonfiction,2020-07-12,COUNTDOWN 1945,Chris Wallace with Mitch Weiss,3,11,Avid Reader,1982143347,9781982143343,The Fox News Sunday anchor gives an account of the key people involved in and events leading up to America’s attack on Hiroshima in 1945.,4.28,3125,4
Combined Print and E-Book Nonfiction,2020-05-31,THE LINCOLN CONSPIRACY,Brad Meltzer and Josh Mensch,2,10,Flatiron,1250317479,9781250317476,"How Allan Pinkerton, along with undercover agents, thwarted a lesser-known assassination attempt of Abraham Lincoln in Baltimore in 1861.",4.35,1842,4
Combined Print and E-Book Nonfiction,2020-09-20,HIS TRUTH IS MARCHING ON,Jon Meacham,2,10,Random House,1984855026,9781984855022,"The Pulitzer Prize-winning biographer creates a portrait of Representative John Lewis, the late civil rights leader and congressman for Georgia’s Fifth Congressional District.",4.7,562,5
Combined Print and E-Book Nonfiction,2020-03-15,UNTIL THE END OF TIME,Brian Greene,2,12,Knopf,1524731676,9781524731670,"A physicist gives an overview of how we got here, where we are and directions we might go.",4.02,1285,4
Combined Print and E-Book Nonfiction,2020-09-06,FINDING FREEDOM,Omid Scobie and Carolyn Durand,2,11,Dey St.,0063046105,9780063046108,The Duke and Duchess of Sussex’s journey from courtship to their decision to step away from their royal lives.,3.18,4778,3
Combined Print and E-Book Nonfiction,2020-03-22,UNKNOWN VALOR,Martha MacCallum,2,3,Harper,0062853856,9780062853851,The Fox News anchor weaves stories of combat veterans who fought during World War II.,3.33,3327,3
Combined Print and E-Book Nonfiction,2020-03-01,TO SHAKE THE SLEEPING SELF,Jedidiah Jenkins,2,15,Convergent,1524761400,9781524761400,"The son of conservative Christians cycles from Oregon to Patagonia, reconciling his sexuality with his upbringing.",3.9,9126,4
Combined Print and E-Book Nonfiction,2020-02-09,TIGHTROPE,Nicholas D Kristof and Sheryl WuDunn,2,13,Knopf,0525655085,9780525655084,The Pulitzer Prize-winning authors examine issues affecting working-class Americans.,4.3,4503,4
Combined Print and E-Book Nonfiction,2020-07-05,I'M STILL HERE,Austin Channing Brown,2,11,Convergent,1524760854,9781524760854,A black woman who was given a white man's name by her parents shares her journey to finding her own worth and what stands in the way of racial justice.,4.38,37421,4
Combined Print and E-Book Nonfiction,2020-02-09,RUNNING AGAINST THE DEVIL,Rick Wilson,2,14,Crown Forum,0593137582,9780593137581,The Republican strategist offers his insights on how to potentially defeat President Trump in the upcoming election.,4.19,1131,4
Combined Print and E-Book Nonfiction,2020-03-22,THE HOPE OF GLORY,Jon Meacham,2,9,Convergent,0593236661,9780593236666,The Pulitzer Prize-winning biographer delves into the seven last sayings of Jesus as recorded in the Gospels.,4.1,935,4
Combined Print and E-Book Nonfiction,2020-01-12,NO ONE IS TOO SMALL TO MAKE A DIFFERENCE,Greta Thunberg,2,9,Penguin,014313356X,9780143133568,"Speeches by the Swedish climate activist, including her address to the United Nations.",3.97,14954,4
Combined Print and E-Book Nonfiction,2020-01-05,MOBITUARIES,Mo Rocca and Jonathan Greenberg,2,9,Simon & Schuster,1501197622,9781501197628,The humorist spotlights frequently unnoticed aspects of deceased celebrities and historical figures.,4.09,3500,4
Combined Print and E-Book Nonfiction,2020-03-22,DARK TOWERS,David Enrich,2,15,Custom House,0062878816,9780062878816,The New York Times finance editor traces the history and illicit dealings of Deutsche Bank.,4.02,2423,4
Combined Print and E-Book Nonfiction,2020-09-27,DONALD TRUMP V. THE UNITED STATES,Michael S Schmidt,2,15,Random House,1984854666,9781984854667,The New York Times Washington correspondent details actions by officials who attempted to contain the president.,4.44,334,4
Combined Print and E-Book Nonfiction,2020-08-16,BREATH,James Nestor,2,12,Riverhead,0735213615,9780735213616,A re-examination of a basic biological function and a look at the science behind ancient breathing practices.,4.26,4738,4
Combined Print and E-Book Nonfiction,2020-09-27,MELANIA AND ME,Stephanie Winston Wolkoff,2,7,Gallery,1982151242,9781982151249,The former director of special events at Vogue describes parting ways with the First Lady after being made the scapegoat for inauguration finance irregularities.,3.5,2173,4
Combined Print and E-Book Nonfiction,2020-01-26,BOYS & SEX,Peggy Orenstein,1,13,Harper,0062666975,9780062666970,How young men comprehend cultural forces and navigate sexual and emotional relationships.,4.23,2445,4
Combined Print and E-Book Nonfiction,2020-09-27,DISLOYAL,Michael Cohen,1,1,Skyhorse,1510764690,9781510764699,"An account of President Trump’s business empire, political campaign and presidential administration by his former personal attorney.",4.15,4718,4
Combined Print and E-Book Nonfiction,2020-05-03,ABOUT YOUR FATHER AND OTHER CELEBRITIES I HAVE KNOWN,Peggy Rowe,1,8,Forefront,194867744X,9781948677448,"Stories of living with a minimalist husband, cheering her son’s celebrity and having a late career as a commercial spokesperson.",4.41,1011,4
Combined Print and E-Book Nonfiction,2020-09-27,COMPROMISED,Peter Strzok,1,3,Houghton Mifflin Harcourt,0358237068,9780358237068,The former F.B.I. deputy assistant director of counterintelligence chronicles the investigation into Russia’s election interference and key moments from his career.,4.59,379,5
Combined Print and E-Book Nonfiction,2020-03-29,CAPITAL AND IDEOLOGY,Thomas Piketty,1,12,Belknap,0674980824,9780674980822,An overview of political and economic inequality and a call for a more balanced approach to those systems.,4.28,682,4
Combined Print and E-Book Nonfiction,2020-06-07,AMERICAN CRUSADE,Pete Hegseth,1,11,Center Street,1546098747,9781546098744,"The ""Fox & Friends Weekend"" host gives his take on politics, culture and education.",4.57,203,5
Combined Print and E-Book Nonfiction,2020-09-27,EAT A PEACH,David Chang and Gabe Ulla,1,14,Clarkson Potter,152475921X,9781524759216,A memoir by the chef and founder of Momofuku and the star of the Netflix series “Ugly Delicious.”,4.15,1302,4
Combined Print and E-Book Nonfiction,2020-02-02,AMERICAN OLIGARCHS,Andrea Bernstein,1,14,Norton,1324001879,9781324001874,An investigative journalist traces the proliferation of the Trump and Kushner dynasties,4.27,712,4
Combined Print and E-Book Nonfiction,2020-04-26,ARGUING WITH SOCIALISTS,Glenn Beck,1,9,Threshold Editions,198214050X,9781982140502,The conservative commentator espouses free-market capitalism.,4.32,252,4
Combined Print and E-Book Nonfiction,2020-05-17,DON'T BURN THIS BOOK,Dave Rubin,1,12,Sentinel,0593084292,9780593084298,The internet show host explains why he moved away from progressive politics.,3.62,1657,4
Combined Print and E-Book Nonfiction,2020-08-30,EVIL GENIUSES,Kurt Andersen,1,8,Random House,1984801341,9781984801340,"The author of “Fantasyland” looks at the economic, cultural and political forces to which he ascribes the undermining and dismantling of the American middle class.",4.37,289,4
Combined Print and E-Book Nonfiction,2020-09-27,EVERYTHING BEAUTIFUL IN ITS TIME,Jenna Bush Hager,1,5,Morrow,0062960628,9780062960627,Essays by the former first daughter and granddaughter celebrating the lives of her grandparents.,4.43,1087,4
Combined Print and E-Book Nonfiction,2020-04-05,DEADLIEST ENEMY,Michael T Osterholm and Mark Olshaker,1,14,"Little, Brown",0316343684,9780316343688,How epidemics and pandemics can disrupt everyday life and world order.,4.38,1923,4
Combined Print and E-Book Nonfiction,2020-03-08,YOU NEVER FORGET YOUR FIRST,Alexis Coe,1,15,Viking,0735224102,9780735224100,A newly researched biography of George Washington.,3.8,4937,4
Combined Print and E-Book Nonfiction,2020-06-14,HOLLYWOOD PARK,Mikel Jollett,1,12,Celadon,1250621569,9781250621566,The musician and author retraces his time growing up in an experimental commune and the difficulties he encountered after escaping it.,4.31,4244,4
Combined Print and E-Book Nonfiction,2020-04-19,THE FIRST TIME,Colton Underwood,1,5,Gallery,1982139382,9781982139384,A memoir by a former N.F.L. player and reality TV star of “The Bachelor” and “The Bachelorette.”,3.47,1965,3
Combined Print and E-Book Nonfiction,2020-02-09,WHY WE CAN'T SLEEP,Ada Calhoun,1,11,Grove,0802147852,9780802147851,The cultural and political contexts of the crises that Generation X women face.,3.74,4335,4
Combined Print and E-Book Nonfiction,2020-02-23,WHEN TIME STOPPED,Ariana Neumann,1,12,Scribner,1982106379,9781982106379,The daughter of a man who created a false identity to escape Nazi-occupied Prague uncovers his difficult past.,4.36,2409,4
Combined Print and E-Book Nonfiction,2020-08-09,WALKING WITH THE WIND,John Lewis and Michael D'Orso,1,14,Simon & Schuster,1476797714,9781476797717,A memoir by the recently deceased leader in the American civil rights movement and representative for Georgia’s Fifth Congressional District.,4.54,2582,5
Combined Print and E-Book Nonfiction,2020-09-13,VESPER FLIGHTS,Helen Macdonald,1,14,Grove,0802128815,9780802128812,"A collection of observational essays by the nature writer on themes of captivity, immigration and freedom.",4.2,542,4
Combined Print and E-Book Nonfiction,2020-02-02,UNCANNY VALLEY,Anna Wiener,1,7,"MCD/Farrar, Straus & Giroux",0374278016,9780374278014,A millennial’s memoir is interwoven with a look at changes within Silicon Valley.,3.69,12485,4
Combined Print and E-Book Nonfiction,2020-03-08,UN-TRUMPING AMERICA,Dan Pfeiffer,1,5,Twelve,1538733552,9781538733554,A former senior advisor to President Obama offers suggestions for Democrats.,4.23,1782,4
Combined Print and E-Book Nonfiction,2020-09-20,TWILIGHT OF THE GODS,Ian W Toll,1,9,Norton,039308065X,9780393080650,The third book in the Pacific War trilogy describes the last year of World War II in the Pacific.,4.76,150,5
Combined Print and E-Book Nonfiction,2020-08-09,TWILIGHT OF DEMOCRACY,Anne Applebaum,1,11,Doubleday,0385545800,9780385545808,The Pulitzer Prize–winning historian looks at the rise of nationalism and authoritarianism around the world.,4.08,1495,4
Combined Print and E-Book Nonfiction,2020-08-23,TRUE CRIMES AND MISDEMEANORS,Jeffrey Toobin,1,9,Doubleday,0385536739,9780385536738,"The CNN chief legal analyst weaves a narrative of the Mueller investigation, President Trump’s impeachment and transgressions by key Trump figures.",4.41,387,4
Combined Print and E-Book Nonfiction,2020-06-07,THE WORLD,Richard Haass,1,15,Penguin Press,0399562397,9780399562396,The president of the Council on Foreign Relations examines challenges to the United States from outside its borders.,3.91,571,4
Combined Print and E-Book Nonfiction,2020-05-24,THE RURAL DIARIES,Hilarie Burton Morgan,1,6,HarperOne,0062862758,9780062862754,"The actress starts a family, transplants to a working farm and revitalizes a candy store in Rhinebeck, N.Y.",4.45,5304,4
Combined Print and E-Book Nonfiction,2020-04-12,THE OFFICE,Andy Greene,1,6,Dutton,1524744972,9781524744977,An oral history of the sitcom from its beginnings on the BBC through its nine-season run on American network TV.,4.2,4024,4
Combined Print and E-Book Nonfiction,2020-03-22,THE MAGA DOCTRINE,Charlie Kirk,1,5,Broadside,0062974688,9780062974686,The founder of Turning Point U.S.A. espouses some ideas promulgated by President Trump.,4.09,351,4
Combined Print and E-Book Nonfiction,2020-04-26,THE LAST BOOK ON THE LEFT,"Ben Kissel, Marcus Parks and Henry Zebrowski",1,4,Houghton Mifflin Harcourt,1328566315,9781328566317,A survey of serial killers from the creators of the Last Podcast on the Left.,4.31,2397,4
Combined Print and E-Book Nonfiction,2020-09-20,THE DYNASTY,Jeff Benedict,1,12,Avid Reader/Simon & Schuster,1982134100,9781982134105,The history of the New England Patriots from N.F.L. laughingstock to making 10 trips to the Super Bowl.,4.51,210,5
Combined Print and E-Book Nonfiction,2020-09-20,I HAVE SOMETHING TO TELL YOU,Chasten Buttigieg,1,13,Atria,1982138122,9781982138127,"The educator and advocate describes growing up gay in a small Midwestern town and meeting his husband, Pete.",4.38,825,4
Combined Print and E-Book Nonfiction,2020-06-07,THE CHIFFON TRENCHES,André Leon Talley,1,6,Ballantine,0593129253,9780593129258,A memoir by the former creative director at Vogue and a look at the changes in the fashion industry.,3.84,2532,4
Combined Print and E-Book Nonfiction,2020-02-23,THE BIG GOODBYE,Sam Wasson,1,13,Flatiron,1250301823,9781250301826,"The making of the film ""Chinatown"" and shifts in Hollywood during the 1970s.",4.03,1139,4
Combined Print and E-Book Nonfiction,2020-02-09,THE AGE OF ENTITLEMENT,Christopher Caldwell,1,10,Simon & Schuster,1501106899,9781501106897,"An assessment of some potential social, cultural and economic causes of our current political fissure.",3.94,512,4
Combined Print and E-Book Nonfiction,2020-01-26,SUCCESSFUL AGING,Daniel J Levitin,1,12,Dutton,1524744182,9781524744182,A neuroscientist suggests using resilience strategies as we grow older.,3.83,1055,4
Combined Print and E-Book Nonfiction,2020-09-27,SPEAKING FOR MYSELF,Sarah Huckabee Sanders,1,8,St. Martin's,1250271339,9781250271334,The former White House press secretary shares her perspective on her time working with President Trump,4.56,402,5
Combined Print and E-Book Nonfiction,2020-07-26,SEPARATED,Jacob Soboroff,1,10,Custom House,0062992198,9780062992192,The NBC News correspondent examines the Trump administration’s systematic separation of migrant families at the U.S.-Mexico border and the living conditions of the children in custody.,4.28,688,4
Combined Print and E-Book Nonfiction,2020-04-19,"WOW, NO THANK YOU",Samantha Ir,1,7,Vintage,0525563482,9780525563488,Comedic essays by an author and blogger who splits her time between Hollywood meetings and living in a liberal suburban town in a red state.,3.97,16119,4
Combined Print and E-Book Nonfiction,2020-08-23,MAKE CHANGE,Shaun King,1,6,Houghton Mifflin Harcourt,0358048001,9780358048008,A look at how social movements evolve and ways in which activists can sustain their efforts.,4.5,264,4
Combined Print and E-Book Nonfiction,2020-09-06,LIVE IN LOVE,Lauren Akins with Mark Dagostino,1,8,Ballantine,0593129040,9780593129043,The wife of the country music singer Thomas Rhett describes her mission work and life in the spotlight.,4.54,1572,5
Combined Print and E-Book Nonfiction,2020-04-12,LADY IN WAITING,Anne Glenconner,1,4,Hachette,0306846365,9780306846366,A memoir that provides a look into the royal family by a lady-in-waiting to Princess Margaret.,4.13,10716,4
Combined Print and E-Book Nonfiction,2020-09-27,KILLING CRAZY HORSE,Bill O'Reilly and Martin Dugard,1,2,Holt,1627797041,9781627797047,The ninth book in the conservative commentator’s Killing series focuses on conflicts with Native Americans.,4.29,466,4
Combined Print and E-Book Nonfiction,2020-08-16,INTIMATIONS,Zadie Smith,1,11,Penguin,059329761X,9780593297612,"Six essays exploring topics, such as isolation, compassion and the relationship between time and work, which were considered during an unprecedented situation.",4.19,5625,4
Combined Print and E-Book Nonfiction,2020-05-24,INCOMPARABLE,Brie Bella and Nikki Bella,1,7,Gallery,1501191918,9781501191916,The identical twins and WWE Hall of Famers share some of the challenges they faced.,4.17,1769,4
Combined Print and E-Book Nonfiction,2020-05-10,I'M YOUR HUCKLEBERRY,Val Kilmer,1,8,Simon & Schuster,1982144890,9781982144890,"The actor recalls his career highlights, romances and the toll cancer has taken on his voice.",3.48,1207,3
Combined Print and E-Book Nonfiction,2020-08-02,A VERY PUNCHABLE FACE,Colin Jost,1,11,Crown,1101906324,9781101906323,"Snippets of the “Saturday Night Live” head writer’s life including growing up on Staten Island, performing in rural college cafeterias and competing in a WrestleMania match.",4.26,5570,4
